"parkId","name","address","phone","region","trailLengthMiles","difficulty","description","dayPassPriceUsd","longitude","latitude","trailmapurl","parklogourl","maxvisitors","currentvisitors","currentvisitorschildren","currentvisitorsadults","maxcampsites","columns","state","pic1url","pic2url","pic3url","pic4url","pic5url","pic6url","pic7url","pic8url","pic9url","isnationalpark","isstatepark","hqbranchid","mountainbikes","camping","rafting","canoeing","frisbee","iscanadian","ismexican"
"1","Banff National Park","Banff, AB","403-762-1550","Alberta","1000","Varies","Canada's oldest national park established in 1885, featuring turquoise glacial lakes, towering mountain peaks, hot springs, and diverse wildlife. Home to iconic Lake Louise and Moraine Lake.","10.5","-115.5708","51.4968","https://www.pc.gc.ca/en/pn-np/ab/banff/visit/cartes-maps","https://via.placeholder.com/200x200/2E8B57/FFFFFF?text=Banff+NP","0","0","0","0","2400","0","Alberta","https://images.unsplash.com/photo-1534188753412-5e52181e9b2d?w=800","https://images.unsplash.com/photo-1570059878228-a4d19de9b375?w=800","https://images.unsplash.com/photo-1506905925346-21bda4d32df4?w=800","https://images.unsplash.com/photo-1563622215-f8ffe0b51960?w=800","https://images.unsplash.com/photo-1589798256398-ae63355c4085?w=800","https://images.unsplash.com/photo-1542049236-18154b3a5746?w=800","https://images.unsplash.com/photo-1519904981063-b0cf448d479e?w=800","https://images.unsplash.com/photo-1519681393784-d120267933ba?w=800","https://images.unsplash.com/photo-1505832018823-50331d70d237?w=800","1","0","BANF","1","1","1","1","0","0","0"
"3","Yoho National Park","Field, BC","250-343-6783","British Columbia","250","Varies","Mountain paradise featuring Takakkaw Falls (one of Canada's highest waterfalls), Emerald Lake, Natural Bridge, and ancient fossil beds. 'Yoho' means 'awe' in Cree.","10.5","-116.4982","51.3747","https://www.pc.gc.ca/en/pn-np/bc/yoho/visit/cartes-maps","https://via.placeholder.com/200x200/228B22/FFFFFF?text=Yoho+NP","0","0","0","0","300","0","British Columbia","https://images.unsplash.com/photo-1527004013197-933c4bb611b3?w=800","https://images.unsplash.com/photo-1506905925346-21bda4d32df4?w=800","https://images.unsplash.com/photo-1465146344425-f00d5f5c8f07?w=800","https://images.unsplash.com/photo-1470770903676-69b98201ea1c?w=800","https://images.unsplash.com/photo-1433086966358-54859d0ed716?w=800","https://images.unsplash.com/photo-1441974231531-c6227db76b6e?w=800","https://images.unsplash.com/photo-1470071459604-3b5ec3a7fe05?w=800","https://images.unsplash.com/photo-1472214103451-9374bd1c798e?w=800","https://images.unsplash.com/photo-1430990480609-2bf7c02a6b1a?w=800","1","0","YOHO","1","1","1","1","0","0","0"
"11","Paris Mountain State Park","2401 State Park Rd, Greenville, SC 29609","864-244-5565","Upstate","5","Intermediate to Advanced","A Great Place Named After Paris Hilton and that cool guy from the Illiad and the Odyssey.","2","-82.41128","34.94158","https://southcarolinaparks.com/files/State%20Parks%20Files/Paris%20Mtn/PM-Trail%20Map3-9-2012.pdf","https://ww2.547bikes.info/parismountain.png","1","1","1","1","1","0","SC","https://ww2.547bikes.info/images/11/11-1.jpg","https://ww2.547bikes.info/images/11/11-2.jpg","https://ww2.547bikes.info/images/11/11-3.jpg","https://ww2.547bikes.info/images/11/11-4.jpg","https://ww2.547bikes.info/images/11/11-5.jpg","https://ww2.547bikes.info/images/11/11-6.jpg","https://ww2.547bikes.info/images/11/11-7.jpg","https://ww2.547bikes.info/images/11/11-8.jpg","https://ww2.547bikes.info/images/11/11-9.jpg","0","1","33","1","1","0","0","null","0","0"
"12","Croft State Park","450 Croft State Park Rd, Spartanburg, SC 29302","864-585-1283","Upstate","20","Intermediate","Over 20 miles of trails through woodlands and around lakes","3","-81.8435","34.9026","null","null","null","null","null","null","null","null","null","null","null","null","null","null","null","null","null","null","null","null","null","1","null","null","null","null","0","0"
"13","Issaqueena Trails","Issaqueena Lake Rd, Clemson, SC 29631","Not publicly listed","Upstate","12","Intermediate","Includes Dam Road, Rocky, and Collarbone Trail loops","0","-82.8374","34.7286","null","null","null","null","null","null","null","null","null","null","null","null","null","null","null","null","null","null","null","null","null","1","null","null","null","null","0","0"
"14","Sesquicentennial State Park","9564 Two Notch Rd, Columbia, SC 29223","803-788-2706","Midlands","6","Easy to Moderate","Offers a sandy six-mile loop ideal for moderate rides","6","-80.9334","34.0746","null","null","null","null","null","null","null","null","null","null","null","null","null","null","null","null","null","null","null","null","null","1","null","null","null","null","0","0"
"15","Poinsett State Park","6660 Poinsett Park Rd, Wedgefield, SC 29168","803-494-8177","Midlands","10","Intermediate","Features the Knot Mountain Biking Trail and a race course loop","3","-80.5416","33.7922","null","null","null","null","null","null","null","null","null","null","null","null","null","null","null","null","null","null","null","null","null","1","null","null","null","null","0","0"
"16","Long Cane Horse Trail","Sumter National Forest, Abbeville, SC 29620","Not publicly listed","Midlands","31","Intermediate","A figure-eight loop with over 50 km of intermediate terrain","0","-82.3793","34.3782","null","null","null","null","null","null","null","null","null","null","null","null","null","null","null","null","null","null","null","null","null","1","null","null","null","null","0","0"
"17","Hunting Island State Park","2555 Sea Island Pkwy, Hunting Island, SC 29920","843-838-2011","Lowcountry","8","Easy","Easy eight-mile trail along the lagoon and fishing pier","8","-80.4468","32.3782","null","null","null","null","null","null","null","null","null","null","null","null","null","null","null","null","null","null","null","null","null","1","null","null","null","null","0","0"
"18","Marrington Plantation Trail","Marrington Ave, Goose Creek, SC 29445","843-794-2120","Lowcountry","17","Intermediate","A 28 km intermediate ride through scenic forest","0","-80.0301","32.9836","null","null","null","null","null","null","null","null","null","null","null","null","null","null","null","null","null","null","null","null","null","1","null","null","null","null","0","0"
"19","Biggin Creek Bike Trail","Near 591 Rembert C. Dennis Blvd, Moncks Corner, SC 29461","843-719-7921","Lowcountry","5","Moderate","A shorter loop with moderate elevation","0","-80.0145","33.196","null","null","null","null","null","null","null","null","null","null","null","null","null","null","null","null","null","null","null","null","null","1","null","null","null","null","0","0"
"20","Iron Hill Park","1337 S Old Baltimore Pike, Newark, DE 19702","302-366-7030","Mid-Atlantic","1","Easy to Intermediate","1","1","1","1","https://friendsofironhillpark.org/wp-content/uploads/2017/09/IHP-trail-project-final-map-approved-7-12-2017.pdf","https://ww2.547bikes.info/images/ironhillpark.png","1","1","1","1","0","0","DE","https://ww2.547bikes.info/images/ironhillpark.png","https://ww2.547bikes.info/images/ironhillpark.png","https://ww2.547bikes.info/images/ironhillpark.png","https://ww2.547bikes.info/images/ironhillpark.png","https://ww2.547bikes.info/images/ironhillpark.png","https://ww2.547bikes.info/images/ironhillpark.png","https://ww2.547bikes.info/images/ironhillpark.png","https://ww2.547bikes.info/images/ironhillpark.png","https://ww2.547bikes.info/images/ironhillpark.png","null","1","null","1","null","null","null","null","0","0"
"21","Rockford Park","1","1","MidAtlantic-DE","1","1","1","1","1","1","https://localhost/1.png","https://localhost/1.png","0","0","0","0","0","0","1","null","null","null","null","null","null","null","null","null","null","null","null","1","null","null","null","null","0","0"
"22","Bethpage Black","string","string","MidAtlantic-NY","0","string","string","0","0","0","https://sc.edu","https://sc.edu","0","3","2","3","200","3","NY","null","null","null","null","null","null","null","null","null","null","null","null","1","null","null","null","null","0","0"
"23","Lake Placid Olympic Park","1 Lake Placid Road","212-123-4565","MidAtlantic-NY","100","Hard","Site of the 1980 Olympic Games","20","0","0","https://www.snow-forecast.com/pistemaps/Whiteface-Mountain_pistemap.jpg","https://lakeplacidolympicmuseum.org/wp-content/uploads/sites/8/2023/09/OlympicMuseumPinDispay-1-scaled.jpg","0","0","0","0","0","0","NY","null","null","null","null","null","null","null","null","null","null","null","null","1","null","null","null","null","0","0"
"24","Lake Placid Ice Rink","string","string","MidAtlantic-NY","0","string","string","0","0","0","string","string","0","0","0","0","0","0","NY","null","null","null","null","null","null","null","null","null","null","null","null","1","null","null","null","null","0","0"
"25","USC Blatt Park","1 Somewhere Blatt","803.111.1234","Southeast-SC","3","easy","3","3","3","3","http://sc.edu","https://sc.edu","0","0","0","0","0","0","SC","null","null","null","null","null","null","null","null","null","null","null","null","1","null","null","null","null","0","0"
"26","Finlay Park","930 Laurel Street","803-111-1234","Southeast-SC","2","1","Downtown Columbia, A Beatiful Space with real park rangers.... not quite as cool as Central Park in NYC but its a microcosm with enough space for fairly big events.","1","1","1","https://columbiasc.gov/finlay-park-revitalization-update/","https://columbiasc.gov/wp-content/uploads/2024/03/14-768x432.jpg","1","1","1","1","1","null","SC","null","null","null","null","null","null","null","null","null","null","null","null","1","null","null","null","null","0","0"
"28","Palo Duro Canyon State Park","11450 State Hwy Park Rd 5, Canyon, TX 79015","806-488-2227","Panhandle Plains","15","Intermediate to Advanced","Latitude: 34.9372\nLongitude: -101.6461","8","-101.6461","34.9372","https://tpwd.texas.gov/publications/pwdpubs/media/pwd_mp_p4502_0094p.pdf","https://tpwd.texas.gov/state-parks/palo-duro/media/logo.png","500","0","0","0","100","null","TX","null","null","null","null","null","null","null","null","null","null","null","null","1","null","null","null","null","0","0"
"29","Franklin Mountains State Park","Tom Mays Park Access Rd, El Paso, TX 79930","915-566-6441","West Texas","27","Advanced","Latitude: 31.9066\nLongitude: -106.4865","5","-106.4865","31.9066","https://tpwd.texas.gov/publications/pwdpubs/media/pwd_mp_p4502_0094f.pdf","https://tpwd.texas.gov/state-parks/franklin-mountains/media/logo.png","300","0","0","0","50","null","TX","null","null","null","null","null","null","null","null","null","null","null","null","1","null","null","null","null","0","0"
"30","Tyler State Park","789 Park Road 16, Tyler, TX 75706","903-597-5338","East Texas","13","Beginner to Intermediate","Latitude: 32.5853\nLongitude: -95.2956","6","-95.2956","32.5853","https://tpwd.texas.gov/publications/pwdpubs/media/pwd_mp_p4502_0094t.pdf","https://tpwd.texas.gov/state-parks/tyler/media/logo.png","400","0","0","0","80","null","TX","null","null","null","null","null","null","null","null","null","null","null","null","1","null","null","null","null","0","0"
"31","Bastrop State Park","100 Park Road 1A, Bastrop, TX 78602","512-321-2101","Central Texas","12","Intermediate","Latitude: 30.1105\nLongitude: -97.2866","5","-97.2866","30.1105","https://tpwd.texas.gov/publications/pwdpubs/media/pwd_mp_p4502_0094b.pdf","https://tpwd.texas.gov/state-parks/bastrop/media/logo.png","250","0","0","0","60","null","TX","null","null","null","null","null","null","null","null","null","null","null","null","1","null","null","null","null","0","0"
"32","Palo Duro Canyon State Park","11450 State Hwy Park Rd 5, Canyon, TX 79015","806-488-2227","Panhandle Plains","15","Intermediate to Advanced","Latitude: 34.9372\nLongitude: -101.6461","8","-101.6461","34.9372","https://tpwd.texas.gov/publications/pwdpubs/media/pwd_mp_p4502_0094p.pdf","https://tpwd.texas.gov/state-parks/palo-duro/media/logo.png","500","0","0","0","100","null","TX","null","null","null","null","null","null","null","null","null","null","null","null","1","null","null","null","null","0","0"
"33","Franklin Mountains State Park","Tom Mays Park Access Rd, El Paso, TX 79930","915-566-6441","West Texas","27","Advanced","Latitude: 31.9066\nLongitude: -106.4865","5","-106.4865","31.9066","https://tpwd.texas.gov/publications/pwdpubs/media/pwd_mp_p4502_0094f.pdf","https://tpwd.texas.gov/state-parks/franklin-mountains/media/logo.png","300","0","0","0","50","null","TX","null","null","null","null","null","null","null","null","null","null","null","null","1","null","null","null","null","0","0"
"34","Tyler State Park","789 Park Road 16, Tyler, TX 75706","903-597-5338","East Texas","13","Beginner to Intermediate","Latitude: 32.5853\nLongitude: -95.2956","6","-95.2956","32.5853","https://tpwd.texas.gov/publications/pwdpubs/media/pwd_mp_p4502_0094t.pdf","https://tpwd.texas.gov/state-parks/tyler/media/logo.png","400","0","0","0","80","null","TX","null","null","null","null","null","null","null","null","null","null","null","null","1","null","null","null","null","0","0"
"35","Bastrop State Park","100 Park Road 1A, Bastrop, TX 78602","512-321-2101","Central Texas","12","Intermediate","Latitude: 30.1105\nLongitude: -97.2866","5","-97.2866","30.1105","https://tpwd.texas.gov/publications/pwdpubs/media/pwd_mp_p4502_0094b.pdf","https://tpwd.texas.gov/state-parks/bastrop/media/logo.png","250","0","0","0","60","null","TX","null","null","null","null","null","null","null","null","null","null","null","null","1","null","null","null","null","0","0"
"36","Henry Coe State Park","9100 E Dunne Ave, Morgan Hill, CA 95037","408-779-2728","Bay Area","89","Advanced","Latitude: 37.1871\nLongitude: -121.5515","10","-121.5515","37.1871","https://www.parks.ca.gov/pages/561/files/HenryCoeSPFinalWebLayout072020.pdf","https://www.parks.ca.gov/images/coe_logo.png","300","0","0","0","50","null","CA","null","null","null","null","null","null","null","null","null","null","null","null","1","null","null","null","null","0","0"
"37","China Camp State Park","101 Peacock Gap Trail, San Rafael, CA 94901","415-456-0766","Bay Area","15","Intermediate","Latitude: 38.0124\nLongitude: -122.4791","5","-122.4791","38.0124","https://www.parks.ca.gov/pages/466/files/ChinaCampSPFinalWebLayout072020.pdf","https://www.parks.ca.gov/images/china_camp_logo.png","200","0","0","0","30","null","CA","null","null","null","null","null","null","null","null","null","null","null","null","1","null","null","null","null","0","0"
"38","Mount Tamalpais State Park","801 Panoramic Hwy, Mill Valley, CA 94941","415-388-2070","Bay Area","60","Intermediate to Advanced","Latitude: 37.9064\nLongitude: -122.5965","8","-122.5965","37.9064","https://www.parks.ca.gov/pages/471/files/MountTamalpaisSPFinalWebLayout072020.pdf","https://www.parks.ca.gov/images/mttam_logo.png","400","0","0","0","60","null","CA","null","null","null","null","null","null","null","null","null","null","null","null","1","null","null","null","null","0","0"
"39","Henry Coe State Park","9100 E Dunne Ave, Morgan Hill, CA 95037","408-779-2728","Bay Area","89","Advanced","Latitude: 37.1871\nLongitude: -121.5515","10","-121.5515","37.1871","https://www.parks.ca.gov/pages/561/files/HenryCoeSPFinalWebLayout072020.pdf","https://www.parks.ca.gov/images/coe_logo.png","300","0","0","0","50","null","CA","null","null","null","null","null","null","null","null","null","null","null","null","1","null","null","null","null","0","0"
"40","China Camp State Park","101 Peacock Gap Trail, San Rafael, CA 94901","415-456-0766","Bay Area","15","Intermediate","Latitude: 38.0124\nLongitude: -122.4791","5","-122.4791","38.0124","https://www.parks.ca.gov/pages/466/files/ChinaCampSPFinalWebLayout072020.pdf","https://www.parks.ca.gov/images/china_camp_logo.png","200","0","0","0","30","null","CA","null","null","null","null","null","null","null","null","null","null","null","null","1","null","null","null","null","0","0"
"41","Mount Tamalpais State Park","801 Panoramic Hwy, Mill Valley, CA 94941","415-388-2070","Bay Area","60","Intermediate to Advanced","Latitude: 37.9064\nLongitude: -122.5965","8","-122.5965","37.9064","https://www.parks.ca.gov/pages/471/files/MountTamalpaisSPFinalWebLayout072020.pdf","https://www.parks.ca.gov/images/mttam_logo.png","400","0","0","0","60","null","CA","null","null","null","null","null","null","null","null","null","null","null","null","1","null","null","null","null","0","0"
"42","Silver Falls State Park","20024 Silver Falls Hwy SE, Sublimity, OR 97385","503-873-8681","Willamette Valley","25","Intermediate","Latitude: 44.8778\nLongitude: -122.6556","5","-122.6556","44.8778","https://stateparks.oregon.gov/index.cfm?do=main.loadFile&load=_siteFiles%2Fpublications%2FSilverFallsTrailMap.pdf","https://stateparks.oregon.gov/images/silver_falls_logo.png","500","0","0","0","100","null","OR","null","null","null","null","null","null","null","null","null","null","null","null","1","null","null","null","null","0","0"
"43","Stub Stewart State Park","30380 NW Hwy 47, Buxton, OR 97109","503-324-0606","Northwest Oregon","20","Beginner to Intermediate","Latitude: 45.7221\nLongitude: -123.1934","5","-123.1934","45.7221","https://stateparks.oregon.gov/index.cfm?do=main.loadFile&load=_siteFiles%2Fpublications%2FStubStewartTrailMap.pdf","https://stateparks.oregon.gov/images/stub_stewart_logo.png","300","0","0","0","80","null","OR","null","null","null","null","null","null","null","null","null","null","null","null","1","null","null","null","null","0","0"
"44","Fort Stevens State Park","100 Peter Iredale Rd, Hammond, OR 97121","503-861-3170","North Coast","10","Beginner","Latitude: 46.1806\nLongitude: -123.9656","5","-123.9656","46.1806","https://stateparks.oregon.gov/index.cfm?do=main.loadFile&load=_siteFiles%2Fpublications%2FFortStevensTrailMap.pdf","https://stateparks.oregon.gov/images/fort_stevens_logo.png","400","0","0","0","90","null","OR","null","null","null","null","null","null","null","null","null","null","null","null","1","null","null","null","null","0","0"
"45","Silver Falls State Park","20024 Silver Falls Hwy SE, Sublimity, OR 97385","503-873-8681","Willamette Valley","25","Intermediate","Latitude: 44.8778\nLongitude: -122.6556","5","-122.6556","44.8778","https://stateparks.oregon.gov/index.cfm?do=main.loadFile&load=_siteFiles%2Fpublications%2FSilverFallsTrailMap.pdf","https://stateparks.oregon.gov/images/silver_falls_logo.png","500","0","0","0","100","null","OR","null","null","null","null","null","null","null","null","null","null","null","null","1","null","null","null","null","0","0"
"46","Stub Stewart State Park","30380 NW Hwy 47, Buxton, OR 97109","503-324-0606","Northwest Oregon","20","Beginner to Intermediate","Latitude: 45.7221\nLongitude: -123.1934","5","-123.1934","45.7221","https://stateparks.oregon.gov/index.cfm?do=main.loadFile&load=_siteFiles%2Fpublications%2FStubStewartTrailMap.pdf","https://stateparks.oregon.gov/images/stub_stewart_logo.png","300","0","0","0","80","null","OR","null","null","null","null","null","null","null","null","null","null","null","null","1","null","null","null","null","0","0"
"47","Fort Stevens State Park","100 Peter Iredale Rd, Hammond, OR 97121","503-861-3170","North Coast","10","Beginner","Latitude: 46.1806\nLongitude: -123.9656","5","-123.9656","46.1806","https://stateparks.oregon.gov/index.cfm?do=main.loadFile&load=_siteFiles%2Fpublications%2FFortStevensTrailMap.pdf","https://stateparks.oregon.gov/images/fort_stevens_logo.png","400","0","0","0","90","null","OR","null","null","null","null","null","null","null","null","null","null","null","null","1","null","null","null","null","0","0"
"48","Saint Edward State Park","14445 Juanita Dr NE, Kenmore, WA 98028","425-823-2992","Puget Sound","10","Intermediate","Latitude: 47.7326\nLongitude: -122.2578","10","-122.2578","47.7326","https://parks.state.wa.us/DocumentCenter/View/1931/Saint-Edward-State-Park-Trail-Map","https://parks.state.wa.us/images/st_edward_logo.png","250","0","0","0","40","null","WA","null","null","null","null","null","null","null","null","null","null","null","null","1","null","null","null","null","0","0"
"49","Dash Point State Park","5700 SW Dash Point Rd, Federal Way, WA 98023","253-661-4955","Puget Sound","11","Beginner to Intermediate","Latitude: 47.3228\nLongitude: -122.3737","10","-122.3737","47.3228","https://parks.state.wa.us/DocumentCenter/View/1929/Dash-Point-State-Park-Trail-Map","https://parks.state.wa.us/images/dash_point_logo.png","300","0","0","0","50","null","WA","null","null","null","null","null","null","null","null","null","null","null","null","1","null","null","null","null","0","0"
"50","Beacon Rock State Park","34841 State Route 14, Skamania, WA 98648","509-427-8265","Southwest Washington","15","Intermediate to Advanced","Latitude: 45.6286\nLongitude: -122.0206","10","-122.0206","45.6286","https://parks.state.wa.us/DocumentCenter/View/1927/Beacon-Rock-State-Park-Trail-Map","https://parks.state.wa.us/images/beacon_rock_logo.png","200","0","0","0","30","null","WA","null","null","null","null","null","null","null","null","null","null","null","null","1","null","null","null","null","0","0"
"51","Saint Edward State Park","14445 Juanita Dr NE, Kenmore, WA 98028","425-823-2992","Puget Sound","10","Intermediate","Latitude: 47.7326\nLongitude: -122.2578","10","-122.2578","47.7326","https://parks.state.wa.us/DocumentCenter/View/1931/Saint-Edward-State-Park-Trail-Map","https://parks.state.wa.us/images/st_edward_logo.png","250","0","0","0","40","null","WA","null","null","null","null","null","null","null","null","null","null","null","null","1","null","null","null","null","0","0"
"52","Dash Point State Park","5700 SW Dash Point Rd, Federal Way, WA 98023","253-661-4955","Puget Sound","11","Beginner to Intermediate","Latitude: 47.3228\nLongitude: -122.3737","10","-122.3737","47.3228","https://parks.state.wa.us/DocumentCenter/View/1929/Dash-Point-State-Park-Trail-Map","https://parks.state.wa.us/images/dash_point_logo.png","300","0","0","0","50","null","WA","null","null","null","null","null","null","null","null","null","null","null","null","1","null","null","null","null","0","0"
"53","Beacon Rock State Park","34841 State Route 14, Skamania, WA 98648","509-427-8265","Southwest Washington","15","Intermediate to Advanced","Latitude: 45.6286\nLongitude: -122.0206","10","-122.0206","45.6286","https://parks.state.wa.us/DocumentCenter/View/1927/Beacon-Rock-State-Park-Trail-Map","https://parks.state.wa.us/images/beacon_rock_logo.png","200","0","0","0","30","null","WA","null","null","null","null","null","null","null","null","null","null","null","null","1","null","null","null","null","0","0"
"54","Ponderosa State Park","1920 Davis Ave, McCall, ID 83638","208-634-2164","Central Idaho","15","Intermediate","Latitude: 44.9111\nLongitude: -116.0986","5","-116.0986","44.9111","https://parksandrecreation.idaho.gov/wp-content/uploads/Ponderosa-Trail-Map.pdf","https://parksandrecreation.idaho.gov/images/ponderosa_logo.png","250","0","0","0","60","null","ID","null","null","null","null","null","null","null","null","null","null","null","null","1","null","null","null","null","0","0"
"55","Farragut State Park","13550 ID-54, Athol, ID 83801","208-683-2425","North Idaho","20","Intermediate to Advanced","Latitude: 47.9422\nLongitude: -116.6133","5","-116.6133","47.9422","https://parksandrecreation.idaho.gov/wp-content/uploads/Farragut-Trail-Map.pdf","https://parksandrecreation.idaho.gov/images/farragut_logo.png","300","0","0","0","80","null","ID","null","null","null","null","null","null","null","null","null","null","null","null","1","null","null","null","null","0","0"
"56","Castle Rocks State Park","3035 S Elba-Almo Rd, Almo, ID 83312","208-824-5901","Southern Idaho","10","Intermediate","Latitude: 42.1336\nLongitude: -113.6372","5","-113.6372","42.1336","https://parksandrecreation.idaho.gov/wp-content/uploads/CastleRocks-Trail-Map.pdf","https://parksandrecreation.idaho.gov/images/castlerocks_logo.png","200","0","0","0","40","null","ID","null","null","null","null","null","null","null","null","null","null","null","null","1","null","null","null","null","0","0"
"57","Ponderosa State Park","1920 Davis Ave, McCall, ID 83638","208-634-2164","Central Idaho","15","Intermediate","Latitude: 44.9111\nLongitude: -116.0986","5","-116.0986","44.9111","https://parksandrecreation.idaho.gov/wp-content/uploads/Ponderosa-Trail-Map.pdf","https://parksandrecreation.idaho.gov/images/ponderosa_logo.png","250","0","0","0","60","null","ID","null","null","null","null","null","null","null","null","null","null","null","null","1","null","null","null","null","0","0"
"58","Farragut State Park","13550 ID-54, Athol, ID 83801","208-683-2425","North Idaho","20","Intermediate to Advanced","Latitude: 47.9422\nLongitude: -116.6133","5","-116.6133","47.9422","https://parksandrecreation.idaho.gov/wp-content/uploads/Farragut-Trail-Map.pdf","https://parksandrecreation.idaho.gov/images/farragut_logo.png","300","0","0","0","80","null","ID","null","null","null","null","null","null","null","null","null","null","null","null","1","null","null","null","null","0","0"
"59","Castle Rocks State Park","3035 S Elba-Almo Rd, Almo, ID 83312","208-824-5901","Southern Idaho","10","Intermediate","Latitude: 42.1336\nLongitude: -113.6372","5","-113.6372","42.1336","https://parksandrecreation.idaho.gov/wp-content/uploads/CastleRocks-Trail-Map.pdf","https://parksandrecreation.idaho.gov/images/castlerocks_logo.png","200","0","0","0","40","null","ID","null","null","null","null","null","null","null","null","null","null","null","null","1","null","null","null","null","0","0"
"60","Hyde Memorial State Park","740 Hyde Park Rd, Santa Fe, NM 87501","505-983-7175","Northern New Mexico","8","Intermediate","Latitude: 35.7491\nLongitude: -105.8031","5","-105.8031","35.7491","https://www.emnrd.nm.gov/spd/wp-content/uploads/sites/4/Hyde-Trail-Map.pdf","https://www.emnrd.nm.gov/spd/images/hyde_logo.png","200","0","0","0","40","null","NM","null","null","null","null","null","null","null","null","null","null","null","null","1","null","null","null","null","0","0"
"61","Sugarite Canyon State Park","9 Sugarite Canyon Rd, Raton, NM 87740","575-445-5607","Northeast New Mexico","10","Intermediate to Advanced","Latitude: 36.9331\nLongitude: -104.4022","5","-104.4022","36.9331","https://www.emnrd.nm.gov/spd/wp-content/uploads/sites/4/Sugarite-Trail-Map.pdf","https://www.emnrd.nm.gov/spd/images/sugarite_logo.png","250","0","0","0","50","null","NM","null","null","null","null","null","null","null","null","null","null","null","null","1","null","null","null","null","0","0"
"62","Elephant Butte Lake State Park","101 NM-195, Elephant Butte, NM 87935","575-744-5923","Southern New Mexico","12","Beginner to Intermediate","Latitude: 33.1868\nLongitude: -107.2228","5","-107.2228","33.1868","https://www.emnrd.nm.gov/spd/wp-content/uploads/sites/4/ElephantButte-Trail-Map.pdf","https://www.emnrd.nm.gov/spd/images/elephant_butte_logo.png","300","0","0","0","70","null","NM","null","null","null","null","null","null","null","null","null","null","null","null","1","null","null","null","null","0","0"
"63","Hyde Memorial State Park","740 Hyde Park Rd, Santa Fe, NM 87501","505-983-7175","Northern New Mexico","8","Intermediate","Latitude: 35.7491\nLongitude: -105.8031","5","-105.8031","35.7491","https://www.emnrd.nm.gov/spd/wp-content/uploads/sites/4/Hyde-Trail-Map.pdf","https://www.emnrd.nm.gov/spd/images/hyde_logo.png","200","0","0","0","40","null","NM","null","null","null","null","null","null","null","null","null","null","null","null","1","null","null","null","null","0","0"
"64","Sugarite Canyon State Park","9 Sugarite Canyon Rd, Raton, NM 87740","575-445-5607","Northeast New Mexico","10","Intermediate to Advanced","Latitude: 36.9331\nLongitude: -104.4022","5","-104.4022","36.9331","https://www.emnrd.nm.gov/spd/wp-content/uploads/sites/4/Sugarite-Trail-Map.pdf","https://www.emnrd.nm.gov/spd/images/sugarite_logo.png","250","0","0","0","50","null","NM","null","null","null","null","null","null","null","null","null","null","null","null","1","null","null","null","null","0","0"
"65","Elephant Butte Lake State Park","101 NM-195, Elephant Butte, NM 87935","575-744-5923","Southern New Mexico","12","Beginner to Intermediate","Latitude: 33.1868\nLongitude: -107.2228","5","-107.2228","33.1868","https://www.emnrd.nm.gov/spd/wp-content/uploads/sites/4/ElephantButte-Trail-Map.pdf","https://www.emnrd.nm.gov/spd/images/elephant_butte_logo.png","300","0","0","0","70","null","NM","null","null","null","null","null","null","null","null","null","null","null","null","1","null","null","null","null","0","0"
"66","Dead Horse Ranch State Park","675 Dead Horse Ranch Rd, Cottonwood, AZ 86326","928-634-5283","Central Arizona","20","Intermediate","Latitude: 34.7390\nLongitude: -112.0265","7","-112.0265","34.739","https://azstateparks.com/sites/default/files/media/maps/DHR_TrailMap.pdf","https://azstateparks.com/images/dead_horse_logo.png","300","0","0","0","100","null","AZ","null","null","null","null","null","null","null","null","null","null","null","null","1","null","null","null","null","0","0"
"67","McFarland State Historic Park","24 W Ruggles St, Florence, AZ 85132","520-868-5216","Southern Arizona","10","Beginner to Intermediate","Latitude: 33.0346\nLongitude: -111.3870","5","-111.387","33.0346","https://azstateparks.com/sites/default/files/media/maps/McFarland_TrailMap.pdf","https://azstateparks.com/images/mcfarland_logo.png","150","0","0","0","40","null","AZ","null","null","null","null","null","null","null","null","null","null","null","null","1","null","null","null","null","0","0"
"68","Catalina State Park","11570 N Oracle Rd, Tucson, AZ 85737","520-628-5798","Southern Arizona","24","Advanced","Latitude: 32.4258\nLongitude: -110.9293","7","-110.9293","32.4258","https://azstateparks.com/sites/default/files/media/maps/Catalina_TrailMap.pdf","https://azstateparks.com/images/catalina_logo.png","400","0","0","0","80","null","AZ","null","null","null","null","null","null","null","null","null","null","null","null","1","null","null","null","null","0","0"
"69","Dead Horse Ranch State Park","675 Dead Horse Ranch Rd, Cottonwood, AZ 86326","928-634-5283","Central Arizona","20","Intermediate","Latitude: 34.7390\nLongitude: -112.0265","7","-112.0265","34.739","https://azstateparks.com/sites/default/files/media/maps/DHR_TrailMap.pdf","https://azstateparks.com/images/dead_horse_logo.png","300","0","0","0","100","null","AZ","null","null","null","null","null","null","null","null","null","null","null","null","1","null","null","null","null","0","0"
"70","McFarland State Historic Park","24 W Ruggles St, Florence, AZ 85132","520-868-5216","Southern Arizona","10","Beginner to Intermediate","Latitude: 33.0346\nLongitude: -111.3870","5","-111.387","33.0346","https://azstateparks.com/sites/default/files/media/maps/McFarland_TrailMap.pdf","https://azstateparks.com/images/mcfarland_logo.png","150","0","0","0","40","null","AZ","null","null","null","null","null","null","null","null","null","null","null","null","1","null","null","null","null","0","0"
"71","Catalina State Park","11570 N Oracle Rd, Tucson, AZ 85737","520-628-5798","Southern Arizona","24","Advanced","Latitude: 32.4258\nLongitude: -110.9293","7","-110.9293","32.4258","https://azstateparks.com/sites/default/files/media/maps/Catalina_TrailMap.pdf","https://azstateparks.com/images/catalina_logo.png","400","0","0","0","80","null","AZ","null","null","null","null","null","null","null","null","null","null","null","null","1","null","null","null","null","0","0"
"72","Fort Yargo State Park","210 S Broad St, Winder, GA 30680","770-867-3489","North Georgia","20","Intermediate","Latitude: 33.9856\nLongitude: -83.7360","5","-83.736","33.9856","https://gastateparks.org/sites/default/files/parks/pdf/maps/FortYargo_TrailMap.pdf","https://gastateparks.org/images/fort_yargo_logo.png","300","0","0","0","60","null","GA","null","null","null","null","null","null","null","null","null","null","null","null","1","null","null","null","null","0","0"
"73","Hard Labor Creek State Park","5 Hard Labor Creek Rd, Rutledge, GA 30663","706-557-3001","Central Georgia","16","Intermediate to Advanced","Latitude: 33.6647\nLongitude: -83.6074","5","-83.6074","33.6647","https://gastateparks.org/sites/default/files/parks/pdf/maps/HardLaborCreek_TrailMap.pdf","https://gastateparks.org/images/hard_labor_logo.png","250","0","0","0","50","null","GA","null","null","null","null","null","null","null","null","null","null","null","null","1","null","null","null","null","0","0"
"74","Unicoi State Park","1788 Highway 356, Helen, GA 30545","706-878-2201","North Georgia Mountains","8","Intermediate","Latitude: 34.7236\nLongitude: -83.7102","5","-83.7102","34.7236","https://gastateparks.org/sites/default/files/parks/pdf/maps/Unicoi_TrailMap.pdf","https://gastateparks.org/images/unicoi_logo.png","200","0","0","0","40","null","GA","null","null","null","null","null","null","null","null","null","null","null","null","1","null","null","null","null","0","0"
"75","Fort Yargo State Park","210 S Broad St, Winder, GA 30680","770-867-3489","North Georgia","20","Intermediate","Latitude: 33.9856\nLongitude: -83.7360","5","-83.736","33.9856","https://gastateparks.org/sites/default/files/parks/pdf/maps/FortYargo_TrailMap.pdf","https://gastateparks.org/images/fort_yargo_logo.png","300","0","0","0","60","null","GA","null","null","null","null","null","null","null","null","null","null","null","null","1","null","null","null","null","0","0"
"76","Hard Labor Creek State Park","5 Hard Labor Creek Rd, Rutledge, GA 30663","706-557-3001","Central Georgia","16","Intermediate to Advanced","Latitude: 33.6647\nLongitude: -83.6074","5","-83.6074","33.6647","https://gastateparks.org/sites/default/files/parks/pdf/maps/HardLaborCreek_TrailMap.pdf","https://gastateparks.org/images/hard_labor_logo.png","250","0","0","0","50","null","GA","null","null","null","null","null","null","null","null","null","null","null","null","1","null","null","null","null","0","0"
"77","Unicoi State Park","1788 Highway 356, Helen, GA 30545","706-878-2201","North Georgia Mountains","8","Intermediate","Latitude: 34.7236\nLongitude: -83.7102","5","-83.7102","34.7236","https://gastateparks.org/sites/default/files/parks/pdf/maps/Unicoi_TrailMap.pdf","https://gastateparks.org/images/unicoi_logo.png","200","0","0","0","40","null","GA","null","null","null","null","null","null","null","null","null","null","null","null","1","null","null","null","null","0","0"
"78","Roosevelt State Park","2149 Hwy 13, Morton, MS 39117","601-732-6316","Central Mississippi","10","Moderate","Latitude: 32.3643\nLongitude: -89.5292","4","-89.5292","32.3643","https://www.mdwfp.com/media/roosevelt_trailmap.pdf","https://www.mdwfp.com/images/roosevelt_logo.png","250","0","0","0","50","null","MS","null","null","null","null","null","null","null","null","null","null","null","null","1","null","null","null","null","0","0"
"79","Clarkco State Park","386 Clarkco Rd, Quitman, MS 39355","601-776-6651","East Mississippi","8","Easy to Moderate","Latitude: 32.0452\nLongitude: -88.7334","4","-88.7334","32.0452","https://www.mdwfp.com/media/clarkco_trailmap.pdf","https://www.mdwfp.com/images/clarkco_logo.png","200","0","0","0","40","null","MS","null","null","null","null","null","null","null","null","null","null","null","null","1","null","null","null","null","0","0"
"80","Trace State Park","2139 Faulkner Rd, Belden, MS 38826","662-489-2958","North Mississippi","12","Intermediate","Latitude: 34.3142\nLongitude: -88.8543","4","-88.8543","34.3142","https://www.mdwfp.com/media/trace_trailmap.pdf","https://www.mdwfp.com/images/trace_logo.png","300","0","0","0","60","null","MS","null","null","null","null","null","null","null","null","null","null","null","null","1","null","null","null","null","0","0"
"81","Roosevelt State Park","2149 Hwy 13, Morton, MS 39117","601-732-6316","Central Mississippi","10","Moderate","Latitude: 32.3643\nLongitude: -89.5292","4","-89.5292","32.3643","https://www.mdwfp.com/media/roosevelt_trailmap.pdf","https://www.mdwfp.com/images/roosevelt_logo.png","250","0","0","0","50","null","MS","null","null","null","null","null","null","null","null","null","null","null","null","1","null","null","null","null","0","0"
"82","Clarkco State Park","386 Clarkco Rd, Quitman, MS 39355","601-776-6651","East Mississippi","8","Easy to Moderate","Latitude: 32.0452\nLongitude: -88.7334","4","-88.7334","32.0452","https://www.mdwfp.com/media/clarkco_trailmap.pdf","https://www.mdwfp.com/images/clarkco_logo.png","200","0","0","0","40","null","MS","null","null","null","null","null","null","null","null","null","null","null","null","1","null","null","null","null","0","0"
"83","Trace State Park","2139 Faulkner Rd, Belden, MS 38826","662-489-2958","North Mississippi","12","Intermediate","Latitude: 34.3142\nLongitude: -88.8543","4","-88.8543","34.3142","https://www.mdwfp.com/media/trace_trailmap.pdf","https://www.mdwfp.com/images/trace_logo.png","300","0","0","0","60","null","MS","null","null","null","null","null","null","null","null","null","null","null","null","1","null","null","null","null","0","0"
"84","Oak Mountain State Park","200 Terrace Dr, Pelham, AL 35124","205-620-2520","Central Alabama","25","Intermediate to Advanced","Latitude: 33.3246\nLongitude: -86.7416","5","-86.7416","33.3246","https://www.alapark.com/sites/default/files/OakMountain_TrailMap.pdf","https://www.alapark.com/images/oak_mountain_logo.png","500","0","0","0","100","null","AL","null","null","null","null","null","null","null","null","null","null","null","null","1","null","null","null","null","0","0"
"85","Chewacla State Park","124 Shell Toomer Pkwy, Auburn, AL 36830","334-887-5621","East Alabama","17","Moderate","Latitude: 32.5646\nLongitude: -85.4726","4","-85.4726","32.5646","https://www.alapark.com/sites/default/files/Chewacla_TrailMap.pdf","https://www.alapark.com/images/chewacla_logo.png","300","0","0","0","60","null","AL","null","null","null","null","null","null","null","null","null","null","null","null","1","null","null","null","null","0","0"
"86","Monte Sano State Park","5105 Nolen Ave SE, Huntsville, AL 35801","256-534-3757","North Alabama","22","Intermediate to Advanced","Latitude: 34.7381\nLongitude: -86.5111","5","-86.5111","34.7381","https://www.alapark.com/sites/default/files/MonteSano_TrailMap.pdf","https://www.alapark.com/images/monte_sano_logo.png","400","0","0","0","80","null","AL","null","null","null","null","null","null","null","null","null","null","null","null","1","null","null","null","null","0","0"
"87","Oak Mountain State Park","200 Terrace Dr, Pelham, AL 35124","205-620-2520","Central Alabama","25","Intermediate to Advanced","Latitude: 33.3246\nLongitude: -86.7416","5","-86.7416","33.3246","https://www.alapark.com/sites/default/files/OakMountain_TrailMap.pdf","https://www.alapark.com/images/oak_mountain_logo.png","500","0","0","0","100","null","AL","null","null","null","null","null","null","null","null","null","null","null","null","1","null","null","null","null","0","0"
"88","Chewacla State Park","124 Shell Toomer Pkwy, Auburn, AL 36830","334-887-5621","East Alabama","17","Moderate","Latitude: 32.5646\nLongitude: -85.4726","4","-85.4726","32.5646","https://www.alapark.com/sites/default/files/Chewacla_TrailMap.pdf","https://www.alapark.com/images/chewacla_logo.png","300","0","0","0","60","null","AL","null","null","null","null","null","null","null","null","null","null","null","null","1","null","null","null","null","0","0"
"89","Monte Sano State Park","5105 Nolen Ave SE, Huntsville, AL 35801","256-534-3757","North Alabama","22","Intermediate to Advanced","Latitude: 34.7381\nLongitude: -86.5111","5","-86.5111","34.7381","https://www.alapark.com/sites/default/files/MonteSano_TrailMap.pdf","https://www.alapark.com/images/monte_sano_logo.png","400","0","0","0","80","null","AL","null","null","null","null","null","null","null","null","null","null","null","null","1","null","null","null","null","0","0"
"90","Alafia River State Park","14326 S County Rd 39, Lithia, FL 33547","813-672-5320","Central Florida","20","Intermediate to Advanced","Latitude: 27.7975\nLongitude: -82.1376","5","-82.1376","27.7975","https://www.floridastateparks.org/sites/default/files/media/file/Alafia_TrailMap.pdf","https://www.floridastateparks.org/images/alafia_logo.png","400","0","0","0","80","null","FL","null","null","null","null","null","null","null","null","null","null","null","null","1","null","null","null","null","0","0"
"91","Santos Trailhead & Campground","3080 SE 80th St, Ocala, FL 34470","352-369-2693","North Central Florida","80","All Levels","Latitude: 29.1126\nLongitude: -82.0910","0","-82.091","29.1126","https://www.floridastateparks.org/sites/default/files/media/file/Santos_TrailMap.pdf","https://www.floridastateparks.org/images/santos_logo.png","500","0","0","0","100","null","FL","null","null","null","null","null","null","null","null","null","null","null","null","1","null","null","null","null","0","0"
"92","Jonathan Dickinson State Park","16450 SE Federal Hwy, Hobe Sound, FL 33455","772-546-2771","Southeast Florida","14","Intermediate to Difficult","Latitude: 27.0128\nLongitude: -80.1358","6","-80.1358","27.0128","https://www.floridastateparks.org/sites/default/files/media/file/JonathanDickinson_TrailMap.pdf","https://www.floridastateparks.org/images/jonathan_dickinson_logo.png","350","0","0","0","70","null","FL","null","null","null","null","null","null","null","null","null","null","null","null","1","null","null","null","null","0","0"
"93","Alafia River State Park","14326 S County Rd 39, Lithia, FL 33547","813-672-5320","Central Florida","20","Intermediate to Advanced","Latitude: 27.7975\nLongitude: -82.1376","5","-82.1376","27.7975","https://www.floridastateparks.org/sites/default/files/media/file/Alafia_TrailMap.pdf","https://www.floridastateparks.org/images/alafia_logo.png","400","0","0","0","80","null","FL","null","null","null","null","null","null","null","null","null","null","null","null","1","null","null","null","null","0","0"
"94","Santos Trailhead & Campground","3080 SE 80th St, Ocala, FL 34470","352-369-2693","North Central Florida","80","All Levels","Latitude: 29.1126\nLongitude: -82.0910","0","-82.091","29.1126","https://www.floridastateparks.org/sites/default/files/media/file/Santos_TrailMap.pdf","https://www.floridastateparks.org/images/santos_logo.png","500","0","0","0","100","null","FL","null","null","null","null","null","null","null","null","null","null","null","null","1","null","null","null","null","0","0"
"95","Jonathan Dickinson State Park","16450 SE Federal Hwy, Hobe Sound, FL 33455","772-546-2771","Southeast Florida","14","Intermediate to Difficult","Latitude: 27.0128\nLongitude: -80.1358","6","-80.1358","27.0128","https://www.floridastateparks.org/sites/default/files/media/file/JonathanDickinson_TrailMap.pdf","https://www.floridastateparks.org/images/jonathan_dickinson_logo.png","350","0","0","0","70","null","FL","null","null","null","null","null","null","null","null","null","null","null","null","1","null","null","null","null","0","0"
"96","Bogue Chitto State Park","17049 State Park Blvd, Franklinton, LA 70438","985-839-5707","Southeast Louisiana","8","Moderate","Latitude: 30.8476\nLongitude: -90.1435","3","-90.1435","30.8476","https://www.lastateparks.com/sites/default/files/2021-06/BogueChitto_TrailMap.pdf","https://www.lastateparks.com/images/bogue_chitto_logo.png","200","0","0","0","40","null","LA","null","null","null","null","null","null","null","null","null","null","null","null","1","null","null","null","null","0","0"
"97","Fontainebleau State Park","62883 Hwy 1089, Mandeville, LA 70448","985-624-4443","Southeast Louisiana","6","Easy to Moderate","Latitude: 30.3450\nLongitude: -90.0344","3","-90.0344","30.345","https://www.lastateparks.com/sites/default/files/2021-06/Fontainebleau_TrailMap.pdf","https://www.lastateparks.com/images/fontainebleau_logo.png","250","0","0","0","50","null","LA","null","null","null","null","null","null","null","null","null","null","null","null","1","null","null","null","null","0","0"
"98","Sam Houston Jones State Park","107 Sutherland Rd, Lake Charles, LA 70611","337-855-2665","Southwest Louisiana","10","Intermediate","Latitude: 30.2921\nLongitude: -93.2417","3","-93.2417","30.2921","https://www.lastateparks.com/sites/default/files/2021-06/SamHoustonJones_TrailMap.pdf","https://www.lastateparks.com/images/sam_houston_logo.png","300","0","0","0","60","null","LA","null","null","null","null","null","null","null","null","null","null","null","null","1","null","null","null","null","0","0"
"99","Bogue Chitto State Park","17049 State Park Blvd, Franklinton, LA 70438","985-839-5707","Southeast Louisiana","8","Moderate","Latitude: 30.8476\nLongitude: -90.1435","3","-90.1435","30.8476","https://www.lastateparks.com/sites/default/files/2021-06/BogueChitto_TrailMap.pdf","https://www.lastateparks.com/images/bogue_chitto_logo.png","200","0","0","0","40","null","LA","null","null","null","null","null","null","null","null","null","null","null","null","1","null","null","null","null","0","0"
"100","Fontainebleau State Park","62883 Hwy 1089, Mandeville, LA 70448","985-624-4443","Southeast Louisiana","6","Easy to Moderate","Latitude: 30.3450\nLongitude: -90.0344","3","-90.0344","30.345","https://www.lastateparks.com/sites/default/files/2021-06/Fontainebleau_TrailMap.pdf","https://www.lastateparks.com/images/fontainebleau_logo.png","250","0","0","0","50","null","LA","null","null","null","null","null","null","null","null","null","null","null","null","1","null","null","null","null","0","0"
"101","Sam Houston Jones State Park","107 Sutherland Rd, Lake Charles, LA 70611","337-855-2665","Southwest Louisiana","10","Intermediate","Latitude: 30.2921\nLongitude: -93.2417","3","-93.2417","30.2921","https://www.lastateparks.com/sites/default/files/2021-06/SamHoustonJones_TrailMap.pdf","https://www.lastateparks.com/images/sam_houston_logo.png","300","0","0","0","60","null","LA","null","null","null","null","null","null","null","null","null","null","null","null","1","null","null","null","null","0","0"
"102","Douthat State Park","14239 Douthat State Park Rd, Millboro, VA 24460","540-862-8100","Western Highlands","40","Easy to Difficult","Latitude: 37.8962\nLongitude: -79.8096","7","-79.8096","37.8962","https://www.dcr.virginia.gov/state-parks/document/dsp-trail-map-douthat.pdf","https://www.dcr.virginia.gov/state-parks/images/douthat_logo.png","300","0","0","0","75","null","VA","null","null","null","null","null","null","null","null","null","null","null","null","1","null","null","null","null","0","0"
"103","Pocahontas State Park","10301 State Park Rd, Chesterfield, VA 23832","804-796-4255","Central Virginia","50","Intermediate to Advanced","Latitude: 37.3735\nLongitude: -77.5707","7","-77.5707","37.3735","https://www.dcr.virginia.gov/state-parks/document/dsp-trail-map-pocahontas.pdf","https://www.dcr.virginia.gov/state-parks/images/pocahontas_logo.png","400","0","0","0","100","null","VA","null","null","null","null","null","null","null","null","null","null","null","null","1","null","null","null","null","0","0"
"104","First Landing State Park (near Fort Story)","2500 Shore Dr, Virginia Beach, VA 23451","757-412-2300","Coastal Virginia","7.5","Easy to Moderate","Latitude: 36.9184\nLongitude: -76.0510","7","-76.051","36.9184","https://first-landing-state-park.org/first_landing_trails.html","https://www.dcr.virginia.gov/state-parks/images/first_landing_logo.png","350","0","0","0","60","null","VA","null","null","null","null","null","null","null","null","null","null","null","null","1","null","null","null","null","0","0"
"105","Douthat State Park","14239 Douthat State Park Rd, Millboro, VA 24460","540-862-8100","Western Highlands","40","Easy to Difficult","Latitude: 37.8962\nLongitude: -79.8096","7","-79.8096","37.8962","https://www.dcr.virginia.gov/state-parks/document/dsp-trail-map-douthat.pdf","https://www.dcr.virginia.gov/state-parks/images/douthat_logo.png","300","0","0","0","75","null","VA","null","null","null","null","null","null","null","null","null","null","null","null","1","null","null","null","null","0","0"
"106","Pocahontas State Park","10301 State Park Rd, Chesterfield, VA 23832","804-796-4255","Central Virginia","50","Intermediate to Advanced","Latitude: 37.3735\nLongitude: -77.5707","7","-77.5707","37.3735","https://www.dcr.virginia.gov/state-parks/document/dsp-trail-map-pocahontas.pdf","https://www.dcr.virginia.gov/state-parks/images/pocahontas_logo.png","400","0","0","0","100","null","VA","null","null","null","null","null","null","null","null","null","null","null","null","1","null","null","null","null","0","0"
"107","First Landing State Park (near Fort Story)","2500 Shore Dr, Virginia Beach, VA 23451","757-412-2300","Coastal Virginia","7.5","Easy to Moderate","Latitude: 36.9184\nLongitude: -76.0510","7","-76.051","36.9184","https://first-landing-state-park.org/first_landing_trails.html","https://www.dcr.virginia.gov/state-parks/images/first_landing_logo.png","350","0","0","0","60","null","VA","null","null","null","null","null","null","null","null","null","null","null","null","1","null","null","null","null","0","0"
"108","Coopers Rock State Forest","61 County Line Dr, Bruceton Mills, WV 26525","304-594-1561","Northern West Virginia","50","Intermediate to Advanced","Latitude: 39.6594\nLongitude: -79.8156","5","-79.8156","39.6594","https://wvstateparks.com/wp-content/uploads/2022/04/Coopers-Rock-Trail-Map.pdf","https://wvstateparks.com/images/coopers_rock_logo.png","400","0","0","0","80","null","WV","null","null","null","null","null","null","null","null","null","null","null","null","1","null","null","null","null","0","0"
"109","Blackwater Falls State Park","1584 Blackwater Lodge Rd, Davis, WV 26260","304-259-5216","Eastern Highlands","20","Intermediate","Latitude: 39.1032\nLongitude: -79.4859","5","-79.4859","39.1032","https://wvstateparks.com/wp-content/uploads/2022/04/BlackwaterFalls-Trail-Map.pdf","https://wvstateparks.com/images/blackwater_falls_logo.png","300","0","0","0","60","null","WV","null","null","null","null","null","null","null","null","null","null","null","null","1","null","null","null","null","0","0"
"110","North Bend State Park","202 North Bend Park Rd, Cairo, WV 26337","304-643-2931","Northwest West Virginia","20","Beginner to Intermediate","Latitude: 39.2096\nLongitude: -81.0542","5","-81.0542","39.2096","https://wvstateparks.com/wp-content/uploads/2022/04/NorthBend-Trail-Map.pdf","https://wvstateparks.com/images/north_bend_logo.png","250","0","0","0","50","null","WV","null","null","null","null","null","null","null","null","null","null","null","null","1","null","null","null","null","0","0"
"111","Coopers Rock State Forest","61 County Line Dr, Bruceton Mills, WV 26525","304-594-1561","Northern West Virginia","50","Intermediate to Advanced","Latitude: 39.6594\nLongitude: -79.8156","5","-79.8156","39.6594","https://wvstateparks.com/wp-content/uploads/2022/04/Coopers-Rock-Trail-Map.pdf","https://wvstateparks.com/images/coopers_rock_logo.png","400","0","0","0","80","null","WV","null","null","null","null","null","null","null","null","null","null","null","null","1","null","null","null","null","0","0"
"112","Blackwater Falls State Park","1584 Blackwater Lodge Rd, Davis, WV 26260","304-259-5216","Eastern Highlands","20","Intermediate","Latitude: 39.1032\nLongitude: -79.4859","5","-79.4859","39.1032","https://wvstateparks.com/wp-content/uploads/2022/04/BlackwaterFalls-Trail-Map.pdf","https://wvstateparks.com/images/blackwater_falls_logo.png","300","0","0","0","60","null","WV","null","null","null","null","null","null","null","null","null","null","null","null","1","null","null","null","null","0","0"
"113","North Bend State Park","202 North Bend Park Rd, Cairo, WV 26337","304-643-2931","Northwest West Virginia","20","Beginner to Intermediate","Latitude: 39.2096\nLongitude: -81.0542","5","-81.0542","39.2096","https://wvstateparks.com/wp-content/uploads/2022/04/NorthBend-Trail-Map.pdf","https://wvstateparks.com/images/north_bend_logo.png","250","0","0","0","50","null","WV","null","null","null","null","null","null","null","null","null","null","null","null","1","null","null","null","null","0","0"
"114","Canyonlands National Park","2282 SW Resource Blvd, Moab, UT 84532","435-719-2313","Southwest","20","Advanced","Latitude: 38.3269\nLongitude: -109.8783","30","-109.8783","38.3269","null","null","500","0","0","0","100","null","UT","https://www.nps.gov/common/uploads/structured_data/3C7E2E3F-1DD8-B71B-0B9F7C3A9A1E9F1D.jpg","null","null","null","null","null","null","null","null","1","0","null","1","null","null","null","null","0","0"
"115","Canyonlands National Park","2282 SW Resource Blvd, Moab, UT 84532","435-719-2313","Southwest","20","Advanced","Latitude: 38.3269\nLongitude: -109.8783","30","-109.8783","38.3269","null","null","500","0","0","0","100","null","UT","https://www.nps.gov/common/uploads/structured_data/3C7E2E3F-1DD8-B71B-0B9F7C3A9A1E9F1D.jpg","null","null","null","null","null","null","null","null","1","0","null","1","null","null","null","null","0","0"
"116","Hot Springs National Park","101 Reserve St, Hot Springs, AR 71901","501-620-6715","South","26","Intermediate","Latitude: 34.5133\nLongitude: -93.0540","0","-93.054","34.5133","null","null","300","0","0","0","50","null","AR","https://www.nps.gov/common/uploads/structured_data/3C7E2E3F-1DD8-B71B-0B9F7C3A9A1E9F1D.jpg","null","null","null","null","null","null","null","null","1","0","null","1","null","null","null","null","0","0"
"117","Mammoth Cave National Park","1 Mammoth Cave Pkwy, Mammoth Cave, KY 42259","270-758-2180","Southeast","10","Intermediate","Latitude: 37.1860\nLongitude: -86.1015","20","-86.1015","37.186","null","null","400","0","0","0","80","null","KY","null","null","null","null","null","null","null","null","null","1","0","null","1","null","null","null","null","0","0"
"118","Big Bend National Park","1 Panther Junction, Big Bend National Park, TX 79834","432-477-2251","Southwest","15","Advanced","Latitude: 29.1275\nLongitude: -103.2425","30","-103.2425","29.1275","null","null","600","0","0","0","120","null","TX","null","null","null","null","null","null","null","null","null","1","0","null","1","null","null","null","null","0","0"
"119","Voyageurs National Park","360 Hwy 11 East, International Falls, MN 56649","218-283-6600","Midwest","8","Intermediate","Latitude: 48.4849\nLongitude: -92.8380","0","-92.838","48.4849","null","null","250","0","0","0","40","null","MN","null","null","null","null","null","null","null","null","null","1","0","null","1","null","null","null","null","0","0"
"120","Everglades National Park","40001 State Road 9336, Homestead, FL 33034","305-242-7700","Southeast","12","Easy to Intermediate","Latitude: 25.2866\nLongitude: -80.8987","30","-80.8987","25.2866","null","null","700","0","0","0","150","null","FL","null","null","null","null","null","null","null","null","null","1","0","null","1","null","null","null","null","0","0"
"121","Great Smoky Mountains National Park","107 Park Headquarters Rd, Gatlinburg, TN 37738","865-436-1200","Southeast","18","Intermediate to Advanced","Latitude: 35.6532\nLongitude: -83.5070","0","-83.507","35.6532","null","null","1000","0","0","0","200","null","TN","null","null","null","null","null","null","null","null","null","1","0","null","1","null","null","null","null","0","0"
"122","Rocky Mountain National Park","1000 US Hwy 36, Estes Park, CO 80517","970-586-1206","Mountain West","22","Advanced","Latitude: 40.3428\nLongitude: -105.6836","30","-105.6836","40.3428","null","null","800","0","0","0","160","null","CO","null","null","null","null","null","null","null","null","null","1","0","null","1","null","null","null","null","0","0"
"123","Shenandoah National Park","3655 US Hwy 211 East, Luray, VA 22835","540-999-3500","Mid-Atlantic","14","Intermediate","Latitude: 38.2928\nLongitude: -78.6796","30","-78.6796","38.2928","null","null","500","0","0","0","100","null","VA","null","null","null","null","null","null","null","null","null","1","0","null","1","null","null","null","null","0","0"
"124","Crater Lake National Park","1 Rim Drive, Crater Lake, OR 97604","541-594-3000","Pacific Northwest","10","Intermediate","Latitude: 42.9446\nLongitude: -122.1090","30","-122.109","42.9446","null","null","350","0","0","0","70","null","OR","null","null","null","null","null","null","null","null","null","1","0","null","1","null","null","null","null","0","0"
"125","Canyonlands National Park","2282 SW Resource Blvd, Moab, UT 84532","435-719-2313","Southwest","20","Advanced","Latitude: 38.3269\nLongitude: -109.8783","30","-109.8783","38.3269","null","null","500","0","0","0","100","null","UT","https://www.nps.gov/common/uploads/structured_data/3C7E2E3F-1DD8-B71B-0B9F7C3A9A1E9F1D.jpg","null","null","null","null","null","null","null","null","1","0","null","1","null","null","null","null","0","0"
"126","Hot Springs National Park","101 Reserve St, Hot Springs, AR 71901","501-620-6715","South","26","Intermediate","Latitude: 34.5133\nLongitude: -93.0540","0","-93.054","34.5133","null","null","300","0","0","0","50","null","AR","https://www.nps.gov/common/uploads/structured_data/3C7E2E3F-1DD8-B71B-0B9F7C3A9A1E9F1D.jpg","null","null","null","null","null","null","null","null","1","0","null","1","null","null","null","null","0","0"
"127","Mammoth Cave National Park","1 Mammoth Cave Pkwy, Mammoth Cave, KY 42259","270-758-2180","Southeast","10","Intermediate","Latitude: 37.1860\nLongitude: -86.1015","20","-86.1015","37.186","null","null","400","0","0","0","80","null","KY","null","null","null","null","null","null","null","null","null","1","0","null","1","null","null","null","null","0","0"
"128","Big Bend National Park","1 Panther Junction, Big Bend National Park, TX 79834","432-477-2251","Southwest","15","Advanced","Latitude: 29.1275\nLongitude: -103.2425","30","-103.2425","29.1275","null","null","600","0","0","0","120","null","TX","null","null","null","null","null","null","null","null","null","1","0","null","1","null","null","null","null","0","0"
"129","Voyageurs National Park","360 Hwy 11 East, International Falls, MN 56649","218-283-6600","Midwest","8","Intermediate","Latitude: 48.4849\nLongitude: -92.8380","0","-92.838","48.4849","null","null","250","0","0","0","40","null","MN","null","null","null","null","null","null","null","null","null","1","0","null","1","null","null","null","null","0","0"
"130","Everglades National Park","40001 State Road 9336, Homestead, FL 33034","305-242-7700","Southeast","12","Easy to Intermediate","Latitude: 25.2866\nLongitude: -80.8987","30","-80.8987","25.2866","null","null","700","0","0","0","150","null","FL","null","null","null","null","null","null","null","null","null","1","0","null","1","null","null","null","null","0","0"
"131","Great Smoky Mountains National Park","107 Park Headquarters Rd, Gatlinburg, TN 37738","865-436-1200","Southeast","18","Intermediate to Advanced","Latitude: 35.6532\nLongitude: -83.5070","0","-83.507","35.6532","null","null","1000","0","0","0","200","null","TN","null","null","null","null","null","null","null","null","null","1","0","null","1","null","null","null","null","0","0"
"133","Shenandoah National Park","3655 US Hwy 211 East, Luray, VA 22835","540-999-3500","Mid-Atlantic","14","Intermediate","Latitude: 38.2928\nLongitude: -78.6796","30","-78.6796","38.2928","null","null","500","0","0","0","100","null","VA","null","null","null","null","null","null","null","null","null","1","0","null","1","null","null","null","null","0","0"
"134","Crater Lake National Park","1 Rim Drive, Crater Lake, OR 97604","541-594-3000","Pacific Northwest","10","Intermediate","Latitude: 42.9446\nLongitude: -122.1090","30","-122.109","42.9446","null","null","350","0","0","0","70","null","OR","null","null","null","null","null","null","null","null","null","1","0","null","1","null","null","null","null","0","0"
"135","Bear Brook State Park","Allenstown, NH 03275","603-485-9874","Southeastern NH","1","Intermediate to Advanced","Bear Brook is cool","5","-71.3275","43.11417","https://www.nhstateparks.org/getmedia/4f3b4e3e-3c5e-4f7d-9c9f-2c6f4b7e4e3f/BearBrook_TrailMap.pdf","https://www.nhstateparks.org/images/logo.png","500","320","1","1","101","3","NH","https://www.nhstateparks.org/images/bearbrook1.jpg","https://www.nhstateparks.org/images/bearbrook2.jpg","https://www.nhstateparks.org/images/bearbrook3.jpg","https://www.nhstateparks.org/images/bearbrook4.jpg","https://www.nhstateparks.org/images/bearbrook5.jpg","https://www.nhstateparks.org/images/bearbrook6.jpg","https://www.nhstateparks.org/images/bearbrook7.jpg","https://www.nhstateparks.org/images/bearbrook8.jpg","https://www.nhstateparks.org/images/bearbrook9.jpg","0","1","null","1","null","null","null","null","0","0"
"137","Kingdom Trails","East Burke, VT 05832","802-626-0737","Northeast Kingdom","100","Beginner to Expert","Vermont’s crown jewel for mountain biking with over 100 miles of smooth, fast singletrack.","20","-71.94","44.59","https://kingdomtrails.org/trail-map/","https://kingdomtrails.org/wp-content/uploads/2020/03/KT-Logo.png","1000","750","150","600","0","3","VT","https://kingdomtrails.org/wp-content/uploads/2020/03/KT-hero.jpg","https://kingdomtrails.org/wp-content/uploads/2020/03/KT-rider.jpg","https://kingdomtrails.org/wp-content/uploads/2020/03/KT-trail.jpg","https://kingdomtrails.org/wp-content/uploads/2020/03/KT-map.jpg","https://kingdomtrails.org/wp-content/uploads/2020/03/KT-forest.jpg","https://kingdomtrails.org/wp-content/uploads/2020/03/KT-ride.jpg","https://kingdomtrails.org/wp-content/uploads/2020/03/KT-scenery.jpg","https://kingdomtrails.org/wp-content/uploads/2020/03/KT-group.jpg","https://kingdomtrails.org/wp-content/uploads/2020/03/KT-sign.jpg","0","1","null","1","null","null","null","null","0","0"
"140","Cannon Mountain","260 Tramway Drive, Franconia, NH 03580","603-823-8800","White Mountains","25","Intermediate to Expert","Located in Franconia Notch State Park, Cannon Mountain is a state-owned ski area.","79","-71.7417","44.1531","https://www.cannonmt.com/mountain-report/trail-map","https://www.cannonmt.com/images/logo.png","3000","1800","400","1400","0","3","NH","https://www.cannonmt.com/images/gallery/cannon1.jpg","https://www.cannonmt.com/images/gallery/cannon2.jpg","https://www.cannonmt.com/images/gallery/cannon3.jpg","https://www.cannonmt.com/images/gallery/cannon4.jpg","https://www.cannonmt.com/images/gallery/cannon5.jpg","https://www.cannonmt.com/images/gallery/cannon6.jpg","https://www.cannonmt.com/images/gallery/cannon7.jpg","https://www.cannonmt.com/images/gallery/cannon8.jpg","https://www.cannonmt.com/images/gallery/cannon9.jpg","0","1","null","1","null","null","null","null","0","0"
"141","Attitash Mountain Resort","775 US-302, Bartlett, NH 03812","603-374-2368","Mount Washington Valley","28","Beginner to Advanced","Attitash Mountain Resort spans two peaks—Attitash and Bear Peak—and offers skiing, snowboarding, and summer mountain biking. Known for its terrain parks, alpine slide, and year-round family activities.","85","-71.229","44.082","https://www.attitash.com/the-mountain/about-the-mountain/trail-map.aspx","https://www.attitash.com/content/dam/attitash/images/logos/attitash-logo.png","2500","1600","350","1250","0","3","NH","https://www.attitash.com/content/dam/attitash/images/gallery/attitash1.jpg","https://www.attitash.com/content/dam/attitash/images/gallery/attitash2.jpg","https://www.attitash.com/content/dam/attitash/images/gallery/attitash3.jpg","https://www.attitash.com/content/dam/attitash/images/gallery/attitash4.jpg","https://www.attitash.com/content/dam/attitash/images/gallery/attitash5.jpg","https://www.attitash.com/content/dam/attitash/images/gallery/attitash6.jpg","https://www.attitash.com/content/dam/attitash/images/gallery/attitash7.jpg","https://www.attitash.com/content/dam/attitash/images/gallery/attitash8.jpg","https://www.attitash.com/content/dam/attitash/images/gallery/attitash9.jpg","0","1","null","1","null","null","null","null","0","0"
"149","Jasper National Park","Jasper, AB","780-852-6176","Alberta","800","Varies","Largest national park in the Canadian Rockies, featuring vast wilderness, Columbia Icefield, Athabasca Glacier, and a UNESCO Dark Sky Preserve. Less crowded than Banff with exceptional stargazing.","10.5","-118.0814","52.8734","https://www.pc.gc.ca/en/pn-np/ab/jasper/visit/cartes-maps","https://via.placeholder.com/200x200/4682B4/FFFFFF?text=Jasper+NP","0","0","0","0","1700","0","Alberta","https://images.unsplash.com/photo-1542223533-6d6c951c2abb?w=800","https://images.unsplash.com/photo-1605714850476-f6f45fc98e5b?w=800","https://images.unsplash.com/photo-1604055572779-1b9e8b67f0aa?w=800","https://images.unsplash.com/photo-1613074857398-e75f0f856f36?w=800","https://images.unsplash.com/photo-1578674473935-5907c1229645?w=800","https://images.unsplash.com/photo-1519904981063-b0cf448d479e?w=800","https://images.unsplash.com/photo-1605807646983-377bc5a76fca?w=800","https://images.unsplash.com/photo-1613393966101-6e4b37e50688?w=800","https://images.unsplash.com/photo-1605714830756-b5f8f2a25a7e?w=800","1","0","JASP","1","1","1","1","0","null","null"
"151","Pacific Rim National Park Reserve","Ucluelet, BC","250-726-3500","British Columbia","50","Moderate to Difficult","West Coast paradise featuring Long Beach, the famous West Coast Trail, rainforest, and excellent surfing, kayaking, and whale watching opportunities. Rich Nuu-chah-nulth First Nation culture.","8.5","-125.5377","48.9251","https://www.pc.gc.ca/en/pn-np/bc/pacificrim/visit/cartes-maps","https://via.placeholder.com/200x200/1E90FF/FFFFFF?text=Pacific+Rim","0","0","0","0","94","0","British Columbia","https://images.unsplash.com/photo-1441974231531-c6227db76b6e?w=800","https://images.unsplash.com/photo-1501594907352-04cda38ebc29?w=800","https://images.unsplash.com/photo-1502481851512-e9e2529bfbf9?w=800","https://images.unsplash.com/photo-1507525428034-b723cf961d3e?w=800","https://images.unsplash.com/photo-1505142468610-359e7d316be0?w=800","https://images.unsplash.com/photo-1510414842594-a61c69b5ae57?w=800","https://images.unsplash.com/photo-1511497584788-876760111969?w=800","https://images.unsplash.com/photo-1512850692650-c382e34a82eb?w=800","https://images.unsplash.com/photo-1520065399023-26e0d8319140?w=800","1","0","PACI","1","1","0","1","0","1","null"
"152","Gros Morne National Park","Rocky Harbour, NL","709-458-2417","Newfoundland and Labrador","62","Varies","UNESCO World Heritage Site featuring dramatic fjords, the Tablelands (exposed Earth's mantle), coastal lowlands, and ancient geological formations. Stunning mountain and ocean scenery.","10.5","-57.6564","49.596","https://www.pc.gc.ca/en/pn-np/nl/grosmorne/visit/cartes-maps","https://via.placeholder.com/200x200/8B4513/FFFFFF?text=Gros+Morne","0","0","0","0","300","0","Newfoundland and Labrador","https://images.unsplash.com/photo-1433086966358-54859d0ed716?w=800","https://images.unsplash.com/photo-1441974231531-c6227db76b6e?w=800","https://images.unsplash.com/photo-1506905925346-21bda4d32df4?w=800","https://images.unsplash.com/photo-1470770903676-69b98201ea1c?w=800","https://images.unsplash.com/photo-1472214103451-9374bd1c798e?w=800","https://images.unsplash.com/photo-1430990480609-2bf7c02a6b1a?w=800","https://images.unsplash.com/photo-1527004013197-933c4bb611b3?w=800","https://images.unsplash.com/photo-1465146344425-f00d5f5c8f07?w=800","https://images.unsplash.com/photo-1470071459604-3b5ec3a7fe05?w=800","1","0","GROS","1","1","0","1","0","1","null"
"153","Palenque National Park","Palenque, Chiapas","","Chiapas","20","Moderate","Home to ancient Maya ruins surrounded by lush jungle, waterfalls, and wildlife. A UNESCO World Heritage Site.","5","-92.046","17.4849","","","0","0","0","0","50","0","Chiapas","","","","","","","","","","1","0","PALQ","0","1","0","1","0","null","null"
"154","Sumidero Canyon National Park","Chiapas, Mexico","","Chiapas","30","Moderate","Dramatic canyon carved by the Grijalva River, with towering cliffs, boat tours, and rich biodiversity.","5","-93.09","16.848","","","0","0","0","0","40","0","Chiapas","","","","","","","","","","1","0","SUMI","0","1","0","1","0","null","null"
"155","Izta-Popo Zoquiapan National Park","Mexico State & Puebla","","Central Mexico","60","Difficult","Covers two iconic volcanoes—Popocatépetl and Iztaccíhuatl—with alpine trails, panoramic views, and high-altitude ecosystems.","5","-98.635","19.07","","","0","0","0","0","100","0","Mexico State","","","","","","","","","","1","0","IZPO","1","1","0","0","0","null","1"
"156","Cabo Pulmo National Park","Baja California Sur","","Baja California Sur","10","Easy","Marine park with one of the oldest coral reefs in North America. Ideal for snorkeling, diving, and eco-tourism.","5","-113.948","23.439","","","0","0","0","0","20","0","Baja California Sur","","","","","","","","","","1","0","CABO","0","1","0","1","0","null","1"
"157","Sian Ka’an Biosphere Reserve","Quintana Roo","","Yucatán Peninsula","40","Varies","UNESCO site with mangroves, lagoons, tropical forests, and Mayan ruins. Offers kayaking, birdwatching, and eco-lodging.","5","-87.489","19.4","","","0","0","0","0","60","0","Quintana Roo","","","","","","","","","","1","0","SIAN","0","1","0","1","0","null","1"
